{
  "brownian": {
    "S1": [
      0.009389448424268372,
      0.014121264077256704,
      0.025887532235701442,
      0.053473707810578475,
      0.1084322747328146,
      0.2506577871726997,
      0.4925423288716567
    ],
    "S2": [
      6.675644242099652e-05,
      0.0001891191169447684,
      0.000264406045325885,
      0.0003169256589664763,
      0.0003633713886135963,
      0.000399422347581004,
      7.277060308405368e-05,
      0.00031549645266087007,
      0.0004938228217511403,
      0.0006086200671822002,
      0.0007986093264034269,
      0.0001645686461771982,
      0.0007821709979269169,
      0.0012986153030450018,
      0.001783456208731647,
      0.00048781538797459343,
      0.0023254944975140855,
      0.003901316632672563,
      0.0011228583804515858,
      0.006915219861358084,
      0.004030358999480982
    ],
    "S2_index": [
      [
        1,
        2
      ],
      [
        1,
        3
      ],
      [
        1,
        4
      ],
      [
        1,
        5
      ],
      [
        1,
        6
      ],
      [
        1,
        7
      ],
      [
        2,
        3
      ],
      [
        2,
        4
      ],
      [
        2,
        5
      ],
      [
        2,
        6
      ],
      [
        2,
        7
      ],
      [
        3,
        4
      ],
      [
        3,
        5
      ],
      [
        3,
        6
      ],
      [
        3,
        7
      ],
      [
        4,
        5
      ],
      [
        4,
        6
      ],
      [
        4,
        7
      ],
      [
        5,
        6
      ],
      [
        5,
        7
      ],
      [
        6,
        7
      ]
    ],
    "phase_modulus": [
      1.3275336268704909e-06,
      4.424200931756356e-06,
      7.939269744422404e-06,
      1.517173738232713e-05,
      6.042604402729483e-07,
      4.5117692090019204e-07,
      1.852400449063591e-05,
      1.2098459006075963e-05,
      3.5199584050300595e-05,
      2.9237493053492316e-05,
      1.3436381047624672e-05,
      0.0001235916699746801,
      0.00013568844182095528,
      8.814921535139461e-05,
      8.683502818405533e-05,
      0.0011100193115626377,
      0.0004531105570994096,
      0.0005512522603924589,
      0.003950979463970286,
      0.0017380993543377019,
      0.0010136609020938228
    ],
    "phase_modulus_index": [
      [
        1,
        2
      ],
      [
        1,
        3
      ],
      [
        1,
        4
      ],
      [
        1,
        5
      ],
      [
        1,
        6
      ],
      [
        1,
        7
      ],
      [
        2,
        3
      ],
      [
        2,
        4
      ],
      [
        2,
        5
      ],
      [
        2,
        6
      ],
      [
        2,
        7
      ],
      [
        3,
        4
      ],
      [
        3,
        5
      ],
      [
        3,
        6
      ],
      [
        3,
        7
      ],
      [
        4,
        5
      ],
      [
        4,
        6
      ],
      [
        4,
        7
      ],
      [
        5,
        6
      ],
      [
        5,
        7
      ],
      [
        6,
        7
      ]
    ]
  },
  "poisson": {
    "S1": [
      0.01887437177282164,
      0.02717389370545274,
      0.04848685629521382,
      0.09700657292610705,
      0.18830292092317732,
      0.4038832798182537,
      0.7180196144612596
    ],
    "S2": [
      0.00013079432841284547,
      0.00036069681902393816,
      0.00044507990538104783,
      0.00044336765410860784,
      0.000447558374013817,
      0.0004890211140420972,
      0.0001427814610660578,
      0.000463580705099798,
      0.000593643644275961,
      0.0007987000418496874,
      0.0006639163781370555,
      0.00033033610136972997,
      0.0011506925607839692,
      0.0016971263423001843,
      0.0019943454813198458,
      0.0010180028152096282,
      0.0036503638256153354,
      0.0051831309572662985,
      0.0022784472338821145,
      0.012106244609503278,
      0.00756421934349844
    ],
    "S2_index": [
      [
        1,
        2
      ],
      [
        1,
        3
      ],
      [
        1,
        4
      ],
      [
        1,
        5
      ],
      [
        1,
        6
      ],
      [
        1,
        7
      ],
      [
        2,
        3
      ],
      [
        2,
        4
      ],
      [
        2,
        5
      ],
      [
        2,
        6
      ],
      [
        2,
        7
      ],
      [
        3,
        4
      ],
      [
        3,
        5
      ],
      [
        3,
        6
      ],
      [
        3,
        7
      ],
      [
        4,
        5
      ],
      [
        4,
        6
      ],
      [
        4,
        7
      ],
      [
        5,
        6
      ],
      [
        5,
        7
      ],
      [
        6,
        7
      ]
    ],
    "phase_modulus": [
      1.463714970641577e-06,
      1.37454518546247e-06,
      4.174798040952708e-06,
      2.3118165885013549e-07,
      2.7748708851696756e-07,
      4.991485648049134e-07,
      1.9851886902128057e-05,
      1.653229358551086e-06,
      7.158926337270903e-06,
      2.0808844625491548e-06,
      1.458194876597012e-06,
      8.646502682358766e-05,
      1.9929572939664114e-05,
      6.005430757635557e-05,
      3.0829720413548314e-05,
      0.00012986410917885318,
      5.1693714547894074e-05,
      0.00016299272696544516,
      0.005359839402466574,
      0.0009256054732815209,
      0.02469593029434832
    ],
    "phase_modulus_index": [
      [
        1,
        2
      ],
      [
        1,
        3
      ],
      [
        1,
        4
      ],
      [
        1,
        5
      ],
      [
        1,
        6
      ],
      [
        1,
        7
      ],
      [
        2,
        3
      ],
      [
        2,
        4
      ],
      [
        2,
        5
      ],
      [
        2,
        6
      ],
      [
        2,
        7
      ],
      [
        3,
        4
      ],
      [
        3,
        5
      ],
      [
        3,
        6
      ],
      [
        3,
        7
      ],
      [
        4,
        5
      ],
      [
        4,
        6
      ],
      [
        4,
        7
      ],
      [
        5,
        6
      ],
      [
        5,
        7
      ],
      [
        6,
        7
      ]
    ]
  },
  "mrw": {
    "S1": [
      0.05500667098038062,
      0.10979630214957259,
      0.28353531473120763,
      0.8135210518862117,
      2.416214066611908,
      7.00304714329209,
      19.648964247327754
    ],
    "S2": [
      0.00026528623008225825,
      0.002706545562969307,
      0.006194812023341063,
      0.010297864400460327,
      0.015536635767423843,
      0.022593855232690647,
      0.0005873760006955581,
      0.006584597730053753,
      0.01798193514879632,
      0.03050508061977697,
      0.0451250206924403,
      0.0014991126280899335,
      0.021263260183470162,
      0.06373328857565821,
      0.10977183510766397,
      0.005308204754550495,
      0.08366455609050336,
      0.2506130115710364,
      0.02233857522635542,
      0.33783557468437814,
      0.0891810674326564
    ],
    "S2_index": [
      [
        1,
        2
      ],
      [
        1,
        3
      ],
      [
        1,
        4
      ],
      [
        1,
        5
      ],
      [
        1,
        6
      ],
      [
        1,
        7
      ],
      [
        2,
        3
      ],
      [
        2,
        4
      ],
      [
        2,
        5
      ],
      [
        2,
        6
      ],
      [
        2,
        7
      ],
      [
        3,
        4
      ],
      [
        3,
        5
      ],
      [
        3,
        6
      ],
      [
        3,
        7
      ],
      [
        4,
        5
      ],
      [
        4,
        6
      ],
      [
        4,
        7
      ],
      [
        5,
        6
      ],
      [
        5,
        7
      ],
      [
        6,
        7
      ]
    ],